nombre, apellido, direccion
Vicente,Hernandez sanchez,Calle la mancha 6
Santiago,Palacios nistal,Calle Picaso 42
Oscar,Cabrera rodriguez,Calle Extremadura 6
Angela,Fuentes hernandez,Calle virgen 254
Damian,gopar hernandez,Calle Galicia 8
Fabian,Hernandez stork,Calle colon 123
Mario,Alvarez Figueroa,Calle almirante 6
Sergio,Hernandez Fuentes,Calle los moriscos 2
Joaquin,del toro,Calle la mengueta 20
Carlos,Lopez Dufour,Calle la Giralda 14
Jose,Antonido vera,Calle secundino alonso 21
Pedro,Emilio bobis,Calle Sorolla 134
pepe,fernandez,C/PERICO
